#,Name,Attack_weak,Attack_normal,Attack_strong,Defense_weak,Defense_normal,Defense_strong,Speed_weak,Speed_normal,Speed_strong
1,Bulbasaur,True,False,False,True,False,False,True,False,False
2,Ivysaur,False,True,False,True,False,False,True,False,False
3,Venusaur,False,True,False,False,True,False,False,True,False
3,Mega Venusaur,False,True,False,False,True,False,False,True,False
4,Charmander,True,False,False,True,False,False,False,True,False
5,Charmeleon,False,True,False,True,False,False,False,True,False
6,Charizard,False,True,False,True,False,False,False,True,False
6,Mega Charizard X,False,False,True,False,True,False,False,True,False
6,Mega Charizard Y,False,False,True,False,True,False,False,True,False
7,Squirtle,True,False,False,True,False,False,True,False,False
8,Wartortle,True,False,False,True,False,False,True,False,False
9,Blastoise,False,True,False,False,True,False,False,True,False
9,Mega Blastoise,False,True,False,False,True,False,False,True,False
10,Caterpie,True,False,False,True,False,False,True,False,False
11,Metapod,True,False,False,True,False,False,True,False,False
12,Butterfree,False,True,False,True,False,False,False,True,False
13,Weedle,True,False,False,True,False,False,True,False,False
14,Kakuna,True,False,False,True,False,False,True,False,False
15,Beedrill,False,True,False,True,False,False,False,True,False
15,Mega Beedrill,False,True,False,True,False,False,False,False,True
16,Pidgey,True,False,False,True,False,False,True,False,False
17,Pidgeotto,True,False,False,True,False,False,False,True,False
18,Pidgeot,False,True,False,True,False,False,False,True,False
18,Mega Pidgeot,False,True,False,True,False,False,False,True,False
19,Rattata,True,False,False,True,False,False,False,True,False
20,Raticate,True,False,False,True,False,False,False,True,False
21,Spearow,True,False,False,True,False,False,False,True,False
22,Fearow,False,True,False,True,False,False,False,True,False
23,Ekans,True,False,False,True,False,False,True,False,False
24,Arbok,False,True,False,True,False,False,False,True,False
25,Pikachu,True,False,False,True,False,False,False,True,False
26,Raichu,False,True,False,True,False,False,False,True,False
27,Sandshrew,True,False,False,True,False,False,True,False,False
28,Sandslash,False,True,False,True,False,False,False,True,False
29,Nidoran♀,True,False,False,True,False,False,True,False,False
30,Nidorina,True,False,False,True,False,False,True,False,False
31,Nidoqueen,False,True,False,True,False,False,False,True,False
32,Nidoran♂,True,False,False,True,False,False,True,False,False
33,Nidorino,True,False,False,True,False,False,False,True,False
34,Nidoking,False,True,False,True,False,False,False,True,False
35,Clefairy,True,False,False,True,False,False,True,False,False
36,Clefable,False,True,False,True,False,False,True,False,False
37,Vulpix,True,False,False,True,False,False,False,True,False
38,Ninetales,False,True,False,True,False,False,False,True,False
39,Jigglypuff,True,False,False,True,False,False,True,False,False
40,Wigglytuff,False,True,False,True,False,False,True,False,False
41,Zubat,True,False,False,True,False,False,True,False,False
42,Golbat,False,True,False,True,False,False,False,True,False
43,Oddish,True,False,False,True,False,False,True,False,False
44,Gloom,False,True,False,True,False,False,True,False,False
45,Vileplume,False,True,False,True,False,False,True,False,False
46,Paras,True,False,False,True,False,False,True,False,False
47,Parasect,False,True,False,True,False,False,True,False,False
48,Venonat,True,False,False,True,False,False,True,False,False
49,Venomoth,False,True,False,True,False,False,False,True,False
50,Diglett,True,False,False,True,False,False,False,True,False
51,Dugtrio,True,False,False,True,False,False,False,True,False
52,Meowth,True,False,False,True,False,False,False,True,False
53,Persian,False,True,False,True,False,False,False,True,False
54,Psyduck,True,False,False,True,False,False,True,False,False
55,Golduck,False,True,False,True,False,False,False,True,False
56,Mankey,True,False,False,True,False,False,False,True,False
57,Primeape,False,True,False,True,False,False,False,True,False
58,Growlithe,False,True,False,True,False,False,True,False,False
59,Arcanine,False,True,False,True,False,False,False,True,False
60,Poliwag,True,False,False,True,False,False,False,True,False
61,Poliwhirl,True,False,False,True,False,False,False,True,False
62,Poliwrath,False,True,False,False,True,False,False,True,False
63,Abra,True,False,False,True,False,False,False,True,False
64,Kadabra,False,True,False,True,False,False,False,True,False
65,Alakazam,False,True,False,True,False,False,False,True,False
65,Mega Alakazam,False,True,False,True,False,False,False,False,True
66,Machop,True,False,False,True,False,False,True,False,False
67,Machoke,False,True,False,True,False,False,True,False,False
68,Machamp,False,True,False,True,False,False,True,False,False
69,Bellsprout,False,True,False,True,False,False,True,False,False
70,Weepinbell,False,True,False,True,False,False,True,False,False
71,Victreebel,False,True,False,True,False,False,False,True,False
72,Tentacool,True,False,False,True,False,False,False,True,False
73,Tentacruel,False,True,False,False,True,False,False,True,False
74,Geodude,True,False,False,True,False,False,True,False,False
75,Graveler,False,True,False,True,False,False,True,False,False
76,Golem,False,True,False,False,True,False,True,False,False
77,Ponyta,False,True,False,True,False,False,False,True,False
78,Rapidash,False,True,False,True,False,False,False,True,False
79,Slowpoke,True,False,False,True,False,False,True,False,False
80,Slowbro,False,True,False,False,True,False,True,False,False
80,Mega Slowbro,False,True,False,False,True,False,True,False,False
81,Magnemite,True,False,False,True,False,False,True,False,False
82,Magneton,False,True,False,True,False,False,False,True,False
83,Farfetch'd,True,False,False,True,False,False,True,False,False
84,Doduo,True,False,False,True,False,False,False,True,False
85,Dodrio,False,True,False,True,False,False,False,True,False
86,Seel,True,False,False,True,False,False,True,False,False
87,Dewgong,False,True,False,True,False,False,False,True,False
88,Grimer,True,False,False,True,False,False,True,False,False
89,Muk,False,True,False,True,False,False,True,False,False
90,Shellder,True,False,False,True,False,False,True,False,False
91,Cloyster,False,True,False,False,True,False,False,True,False
92,Gastly,False,True,False,True,False,False,False,True,False
93,Haunter,False,True,False,True,False,False,False,True,False
94,Gengar,False,True,False,True,False,False,False,True,False
94,Mega Gengar,False,True,False,True,False,False,False,False,True
95,Onix,True,False,False,False,True,False,False,True,False
96,Drowzee,True,False,False,True,False,False,True,False,False
97,Hypno,False,True,False,False,True,False,False,True,False
98,Krabby,True,False,False,True,False,False,True,False,False
99,Kingler,False,True,False,True,False,False,False,True,False
100,Voltorb,True,False,False,True,False,False,False,True,False
101,Electrode,True,False,False,True,False,False,False,False,True
102,Exeggcute,True,False,False,True,False,False,True,False,False
103,Exeggutor,False,True,False,True,False,False,True,False,False
104,Cubone,True,False,False,True,False,False,True,False,False
105,Marowak,True,False,False,False,True,False,True,False,False
106,Hitmonlee,False,True,False,True,False,False,False,True,False
107,Hitmonchan,False,True,False,False,True,False,False,True,False
108,Lickitung,True,False,False,True,False,False,True,False,False
109,Koffing,True,False,False,True,False,False,True,False,False
110,Weezing,False,True,False,False,True,False,True,False,False
111,Rhyhorn,True,False,False,True,False,False,True,False,False
112,Rhydon,False,True,False,True,False,False,True,False,False
113,Chansey,True,False,False,True,False,False,True,False,False
114,Tangela,False,True,False,True,False,False,True,False,False
115,Kangaskhan,False,True,False,True,False,False,False,True,False
115,Mega Kangaskhan,False,True,False,False,True,False,False,True,False
116,Horsea,True,False,False,True,False,False,True,False,False
117,Seadra,False,True,False,True,False,False,False,True,False
118,Goldeen,True,False,False,True,False,False,True,False,False
119,Seaking,False,True,False,True,False,False,False,True,False
120,Staryu,True,False,False,True,False,False,False,True,False
121,Starmie,False,True,False,True,False,False,False,True,False
122,Mr. Mime,False,True,False,False,True,False,False,True,False
123,Scyther,False,True,False,True,False,False,False,True,False
124,Jynx,False,True,False,True,False,False,False,True,False
125,Electabuzz,False,True,False,True,False,False,False,True,False
126,Magmar,False,True,False,True,False,False,False,True,False
127,Pinsir,False,True,False,True,False,False,False,True,False
127,Mega Pinsir,False,True,False,False,True,False,False,True,False
128,Tauros,False,True,False,True,False,False,False,True,False
129,Magikarp,True,False,False,True,False,False,False,True,False
130,Gyarados,False,True,False,False,True,False,False,True,False
130,Mega Gyarados,False,True,False,False,True,False,False,True,False
131,Lapras,False,True,False,True,False,False,True,False,False
132,Ditto,True,False,False,True,False,False,True,False,False
133,Eevee,True,False,False,True,False,False,True,False,False
134,Vaporeon,False,True,False,True,False,False,False,True,False
135,Jolteon,False,True,False,True,False,False,False,False,True
136,Flareon,False,True,False,True,False,False,False,True,False
137,Porygon,False,True,False,True,False,False,True,False,False
138,Omanyte,True,False,False,True,False,False,True,False,False
139,Omastar,False,True,False,False,True,False,True,False,False
140,Kabuto,False,True,False,True,False,False,True,False,False
141,Kabutops,False,True,False,True,False,False,False,True,False
142,Aerodactyl,False,True,False,True,False,False,False,False,True
142,Mega Aerodactyl,False,True,False,False,True,False,False,False,True
143,Snorlax,False,True,False,True,False,False,True,False,False
144,Articuno,False,True,False,False,True,False,False,True,False
145,Zapdos,False,True,False,True,False,False,False,True,False
146,Moltres,False,True,False,True,False,False,False,True,False
147,Dratini,True,False,False,True,False,False,True,False,False
148,Dragonair,False,True,False,True,False,False,False,True,False
149,Dragonite,False,True,False,False,True,False,False,True,False
150,Mewtwo,False,False,True,False,True,False,False,False,True
150,Mega Mewtwo X,False,False,True,False,True,False,False,False,True
150,Mega Mewtwo Y,False,False,True,False,True,False,False,False,True
151,Mew,False,True,False,False,True,False,False,True,False
152,Chikorita,True,False,False,True,False,False,True,False,False
153,Bayleef,True,False,False,True,False,False,True,False,False
154,Meganium,False,True,False,False,True,False,False,True,False
155,Cyndaquil,True,False,False,True,False,False,False,True,False
156,Quilava,False,True,False,True,False,False,False,True,False
157,Typhlosion,False,True,False,True,False,False,False,True,False
158,Totodile,True,False,False,True,False,False,True,False,False
159,Croconaw,False,True,False,True,False,False,True,False,False
160,Feraligatr,False,True,False,False,True,False,False,True,False
161,Sentret,True,False,False,True,False,False,True,False,False
162,Furret,True,False,False,True,False,False,False,True,False
163,Hoothoot,True,False,False,True,False,False,True,False,False
164,Noctowl,True,False,False,True,False,False,False,True,False
165,Ledyba,True,False,False,True,False,False,True,False,False
166,Ledian,True,False,False,True,False,False,False,True,False
167,Spinarak,True,False,False,True,False,False,True,False,False
168,Ariados,False,True,False,True,False,False,True,False,False
169,Crobat,False,True,False,True,False,False,False,False,True
170,Chinchou,True,False,False,True,False,False,False,True,False
171,Lanturn,False,True,False,True,False,False,False,True,False
172,Pichu,True,False,False,True,False,False,True,False,False
173,Cleffa,True,False,False,True,False,False,True,False,False
174,Igglybuff,True,False,False,True,False,False,True,False,False
175,Togepi,True,False,False,True,False,False,True,False,False
176,Togetic,True,False,False,False,True,False,True,False,False
177,Natu,True,False,False,True,False,False,False,True,False
178,Xatu,False,True,False,True,False,False,False,True,False
179,Mareep,True,False,False,True,False,False,True,False,False
180,Flaaffy,False,True,False,True,False,False,True,False,False
181,Ampharos,False,True,False,True,False,False,True,False,False
181,Mega Ampharos,False,False,True,False,True,False,True,False,False
182,Bellossom,False,True,False,False,True,False,True,False,False
183,Marill,True,False,False,True,False,False,True,False,False
184,Azumarill,True,False,False,True,False,False,True,False,False
185,Sudowoodo,True,False,False,False,True,False,True,False,False
186,Politoed,False,True,False,True,False,False,False,True,False
187,Hoppip,True,False,False,True,False,False,True,False,False
188,Skiploom,True,False,False,True,False,False,False,True,False
189,Jumpluff,True,False,False,True,False,False,False,True,False
190,Aipom,True,False,False,True,False,False,False,True,False
191,Sunkern,True,False,False,True,False,False,True,False,False
192,Sunflora,False,True,False,True,False,False,True,False,False
193,Yanma,False,True,False,True,False,False,False,True,False
194,Wooper,True,False,False,True,False,False,True,False,False
195,Quagsire,False,True,False,True,False,False,True,False,False
196,Espeon,False,True,False,True,False,False,False,True,False
197,Umbreon,True,False,False,False,True,False,False,True,False
198,Murkrow,False,True,False,True,False,False,False,True,False
199,Slowking,False,True,False,False,True,False,True,False,False
200,Misdreavus,False,True,False,True,False,False,False,True,False
201,Unown,False,True,False,True,False,False,True,False,False
202,Wobbuffet,True,False,False,True,False,False,True,False,False
203,Girafarig,False,True,False,True,False,False,False,True,False
204,Pineco,True,False,False,True,False,False,True,False,False
205,Forretress,False,True,False,False,True,False,True,False,False
206,Dunsparce,False,True,False,True,False,False,True,False,False
207,Gligar,True,False,False,True,False,False,False,True,False
208,Steelix,False,True,False,False,True,False,True,False,False
208,Mega Steelix,False,True,False,False,False,True,True,False,False
209,Snubbull,True,False,False,True,False,False,True,False,False
210,Granbull,False,True,False,True,False,False,True,False,False
211,Qwilfish,False,True,False,True,False,False,False,True,False
212,Scizor,False,True,False,False,True,False,False,True,False
212,Mega Scizor,False,True,False,False,True,False,False,True,False
213,Shuckle,True,False,False,False,False,True,True,False,False
214,Heracross,False,True,False,True,False,False,False,True,False
214,Mega Heracross,False,True,False,False,True,False,False,True,False
215,Sneasel,True,False,False,True,False,False,False,True,False
216,Teddiursa,True,False,False,True,False,False,True,False,False
217,Ursaring,False,True,False,True,False,False,True,False,False
218,Slugma,True,False,False,True,False,False,True,False,False
219,Magcargo,True,False,False,False,True,False,True,False,False
220,Swinub,True,False,False,True,False,False,True,False,False
221,Piloswine,False,True,False,True,False,False,True,False,False
222,Corsola,True,False,False,True,False,False,True,False,False
223,Remoraid,True,False,False,True,False,False,False,True,False
224,Octillery,False,True,False,True,False,False,True,False,False
225,Delibird,True,False,False,True,False,False,False,True,False
226,Mantine,True,False,False,False,True,False,False,True,False
227,Skarmory,True,False,False,False,True,False,False,True,False
228,Houndour,False,True,False,True,False,False,False,True,False
229,Houndoom,False,True,False,True,False,False,False,True,False
229,Mega Houndoom,False,True,False,False,True,False,False,True,False
230,Kingdra,False,True,False,False,True,False,False,True,False
231,Phanpy,True,False,False,True,False,False,True,False,False
232,Donphan,False,True,False,False,True,False,True,False,False
233,Porygon2,False,True,False,False,True,False,True,False,False
234,Stantler,False,True,False,True,False,False,False,True,False
235,Smeargle,True,False,False,True,False,False,False,True,False
236,Tyrogue,True,False,False,True,False,False,True,False,False
237,Hitmontop,True,False,False,False,True,False,False,True,False
238,Smoochum,True,False,False,True,False,False,False,True,False
239,Elekid,True,False,False,True,False,False,False,True,False
240,Magby,False,True,False,True,False,False,False,True,False
241,Miltank,True,False,False,True,False,False,False,True,False
242,Blissey,True,False,False,True,False,False,True,False,False
243,Raikou,False,True,False,True,False,False,False,True,False
244,Entei,False,True,False,True,False,False,False,True,False
245,Suicune,False,True,False,False,True,False,False,True,False
246,Larvitar,True,False,False,True,False,False,True,False,False
247,Pupitar,False,True,False,True,False,False,True,False,False
248,Tyranitar,False,True,False,False,True,False,True,False,False
248,Mega Tyranitar,False,False,True,False,True,False,False,True,False
249,Lugia,False,True,False,False,True,False,False,True,False
250,Ho-oh,False,True,False,False,True,False,False,True,False
251,Celebi,False,True,False,False,True,False,False,True,False
252,Treecko,True,False,False,True,False,False,False,True,False
253,Grovyle,False,True,False,True,False,False,False,True,False
254,Sceptile,False,True,False,True,False,False,False,True,False
254,Mega Sceptile,False,False,True,True,False,False,False,False,True
255,Torchic,True,False,False,True,False,False,True,False,False
256,Combusken,False,True,False,True,False,False,True,False,False
257,Blaziken,False,True,False,True,False,False,False,True,False
257,Mega Blaziken,False,False,True,True,False,False,False,True,False
258,Mudkip,True,False,False,True,False,False,True,False,False
259,Marshtomp,False,True,False,True,False,False,True,False,False
260,Swampert,False,True,False,False,True,False,True,False,False
260,Mega Swampert,False,True,False,False,True,False,False,True,False
261,Poochyena,True,False,False,True,False,False,True,False,False
262,Mightyena,False,True,False,True,False,False,False,True,False
263,Zigzagoon,True,False,False,True,False,False,True,False,False
264,Linoone,True,False,False,True,False,False,False,True,False
265,Wurmple,True,False,False,True,False,False,True,False,False
266,Silcoon,True,False,False,True,False,False,True,False,False
267,Beautifly,False,True,False,True,False,False,False,True,False
268,Cascoon,True,False,False,True,False,False,True,False,False
269,Dustox,True,False,False,True,False,False,False,True,False
270,Lotad,True,False,False,True,False,False,True,False,False
271,Lombre,True,False,False,True,False,False,True,False,False
272,Ludicolo,False,True,False,True,False,False,False,True,False
273,Seedot,True,False,False,True,False,False,True,False,False
274,Nuzleaf,True,False,False,True,False,False,True,False,False
275,Shiftry,False,True,False,True,False,False,False,True,False
276,Taillow,True,False,False,True,False,False,False,True,False
277,Swellow,False,True,False,True,False,False,False,False,True
278,Wingull,True,False,False,True,False,False,False,True,False
279,Pelipper,False,True,False,True,False,False,False,True,False
280,Ralts,True,False,False,True,False,False,True,False,False
281,Kirlia,True,False,False,True,False,False,True,False,False
282,Gardevoir,False,True,False,False,True,False,False,True,False
282,Mega Gardevoir,False,False,True,False,True,False,False,True,False
283,Surskit,True,False,False,True,False,False,False,True,False
284,Masquerain,False,True,False,True,False,False,True,False,False
285,Shroomish,True,False,False,True,False,False,True,False,False
286,Breloom,False,True,False,True,False,False,False,True,False
287,Slakoth,True,False,False,True,False,False,True,False,False
288,Vigoroth,False,True,False,True,False,False,False,True,False
289,Slaking,False,False,True,True,False,False,False,True,False
290,Nincada,True,False,False,True,False,False,True,False,False
291,Ninjask,False,True,False,True,False,False,False,False,True
292,Shedinja,True,False,False,True,False,False,True,False,False
293,Whismur,True,False,False,True,False,False,True,False,False
294,Loudred,False,True,False,True,False,False,True,False,False
295,Exploud,False,True,False,True,False,False,False,True,False
296,Makuhita,True,False,False,True,False,False,True,False,False
297,Hariyama,False,True,False,True,False,False,True,False,False
298,Azurill,True,False,False,True,False,False,True,False,False
299,Nosepass,True,False,False,False,True,False,True,False,False
300,Skitty,True,False,False,True,False,False,True,False,False
301,Delcatty,True,False,False,True,False,False,False,True,False
302,Sableye,False,True,False,True,False,False,True,False,False
302,Mega Sableye,False,True,False,False,True,False,True,False,False
303,Mawile,False,True,False,True,False,False,True,False,False
303,Mega Mawile,False,True,False,False,True,False,True,False,False
304,Aron,True,False,False,True,False,False,True,False,False
305,Lairon,False,True,False,False,True,False,True,False,False
306,Aggron,False,True,False,False,True,False,True,False,False
306,Mega Aggron,False,True,False,False,True,False,True,False,False
307,Meditite,True,False,False,True,False,False,True,False,False
308,Medicham,True,False,False,True,False,False,False,True,False
308,Mega Medicham,False,True,False,True,False,False,False,True,False
309,Electrike,True,False,False,True,False,False,False,True,False
310,Manectric,False,True,False,True,False,False,False,True,False
310,Mega Manectric,False,True,False,True,False,False,False,False,True
311,Plusle,False,True,False,True,False,False,False,True,False
312,Minun,True,False,False,True,False,False,False,True,False
313,Volbeat,True,False,False,True,False,False,False,True,False
314,Illumise,True,False,False,True,False,False,False,True,False
315,Roselia,False,True,False,True,False,False,False,True,False
316,Gulpin,True,False,False,True,False,False,True,False,False
317,Swalot,False,True,False,True,False,False,True,False,False
318,Carvanha,False,True,False,True,False,False,False,True,False
319,Sharpedo,False,True,False,True,False,False,False,True,False
319,Mega Sharpedo,False,False,True,True,False,False,False,True,False
320,Wailmer,False,True,False,True,False,False,True,False,False
321,Wailord,False,True,False,True,False,False,True,False,False
322,Numel,True,False,False,True,False,False,True,False,False
323,Camerupt,False,True,False,True,False,False,True,False,False
323,Mega Camerupt,False,False,True,False,True,False,True,False,False
324,Torkoal,False,True,False,False,True,False,True,False,False
325,Spoink,True,False,False,True,False,False,True,False,False
326,Grumpig,False,True,False,True,False,False,False,True,False
327,Spinda,True,False,False,True,False,False,True,False,False
328,Trapinch,False,True,False,True,False,False,True,False,False
329,Vibrava,True,False,False,True,False,False,False,True,False
330,Flygon,False,True,False,True,False,False,False,True,False
331,Cacnea,False,True,False,True,False,False,True,False,False
332,Cacturne,False,True,False,True,False,False,True,False,False
333,Swablu,True,False,False,True,False,False,True,False,False
334,Altaria,False,True,False,False,True,False,False,True,False
334,Mega Altaria,False,True,False,False,True,False,False,True,False
335,Zangoose,False,True,False,True,False,False,False,True,False
336,Seviper,False,True,False,True,False,False,False,True,False
337,Lunatone,False,True,False,True,False,False,False,True,False
338,Solrock,False,True,False,True,False,False,False,True,False
339,Barboach,True,False,False,True,False,False,True,False,False
340,Whiscash,False,True,False,True,False,False,True,False,False
341,Corphish,True,False,False,True,False,False,True,False,False
342,Crawdaunt,False,True,False,True,False,False,True,False,False
343,Baltoy,True,False,False,True,False,False,True,False,False
344,Claydol,False,True,False,False,True,False,False,True,False
345,Lileep,True,False,False,True,False,False,True,False,False
346,Cradily,False,True,False,False,True,False,True,False,False
347,Anorith,False,True,False,True,False,False,False,True,False
348,Armaldo,False,True,False,False,True,False,True,False,False
349,Feebas,True,False,False,True,False,False,False,True,False
350,Milotic,False,True,False,False,True,False,False,True,False
351,Castform,False,True,False,True,False,False,False,True,False
352,Kecleon,False,True,False,False,True,False,True,False,False
353,Shuppet,False,True,False,True,False,False,True,False,False
354,Banette,False,True,False,True,False,False,False,True,False
354,Mega Banette,False,False,True,True,False,False,False,True,False
355,Duskull,True,False,False,False,True,False,True,False,False
356,Dusclops,True,False,False,False,True,False,True,False,False
357,Tropius,False,True,False,True,False,False,True,False,False
358,Chimecho,False,True,False,True,False,False,False,True,False
359,Absol,False,True,False,True,False,False,False,True,False
359,Mega Absol,False,False,True,True,False,False,False,True,False
360,Wynaut,True,False,False,True,False,False,True,False,False
361,Snorunt,True,False,False,True,False,False,True,False,False
362,Glalie,False,True,False,True,False,False,False,True,False
362,Mega Glalie,False,True,False,True,False,False,False,True,False
363,Spheal,True,False,False,True,False,False,True,False,False
364,Sealeo,False,True,False,True,False,False,True,False,False
365,Walrein,False,True,False,False,True,False,False,True,False
366,Clamperl,False,True,False,True,False,False,True,False,False
367,Huntail,False,True,False,False,True,False,True,False,False
368,Gorebyss,False,True,False,False,True,False,True,False,False
369,Relicanth,False,True,False,False,True,False,True,False,False
370,Luvdisc,True,False,False,True,False,False,False,True,False
371,Bagon,True,False,False,True,False,False,True,False,False
372,Shelgon,False,True,False,True,False,False,True,False,False
373,Salamence,False,True,False,True,False,False,False,True,False
373,Mega Salamence,False,False,True,False,True,False,False,True,False
374,Beldum,True,False,False,True,False,False,True,False,False
375,Metang,True,False,False,False,True,False,True,False,False
376,Metagross,False,True,False,False,True,False,False,True,False
376,Mega Metagross,False,False,True,False,True,False,False,True,False
377,Regirock,False,True,False,False,True,False,True,False,False
378,Regice,False,True,False,False,True,False,True,False,False
379,Registeel,False,True,False,False,True,False,True,False,False
380,Latias,False,True,False,False,True,False,False,True,False
380,Mega Latias,False,True,False,False,True,False,False,True,False
381,Latios,False,True,False,False,True,False,False,True,False
381,Mega Latios,False,False,True,False,True,False,False,True,False
382,Kyogre,False,False,True,False,True,False,False,True,False
382,Primal Kyogre,False,False,True,False,True,False,False,True,False
383,Groudon,False,False,True,False,True,False,False,True,False
383,Primal Groudon,False,False,True,False,True,False,False,True,False
384,Rayquaza,False,False,True,False,True,False,False,True,False
384,Mega Rayquaza,False,False,True,False,True,False,False,True,False
385,Jirachi,False,True,False,False,True,False,False,True,False
386,DeoxysNormal Forme,False,False,True,True,False,False,False,False,True
386,DeoxysAttack Forme,False,False,True,True,False,False,False,False,True
386,DeoxysDefense Forme,False,True,False,False,False,True,False,True,False
386,DeoxysSpeed Forme,False,True,False,False,True,False,False,False,True
387,Turtwig,True,False,False,True,False,False,True,False,False
388,Grotle,False,True,False,True,False,False,True,False,False
389,Torterra,False,True,False,False,True,False,True,False,False
390,Chimchar,True,False,False,True,False,False,True,False,False
391,Monferno,False,True,False,True,False,False,False,True,False
392,Infernape,False,True,False,True,False,False,False,True,False
393,Piplup,True,False,False,True,False,False,True,False,False
394,Prinplup,False,True,False,True,False,False,True,False,False
395,Empoleon,False,True,False,False,True,False,True,False,False
396,Starly,True,False,False,True,False,False,True,False,False
397,Staravia,True,False,False,True,False,False,False,True,False
398,Staraptor,False,True,False,True,False,False,False,True,False
399,Bidoof,True,False,False,True,False,False,True,False,False
400,Bibarel,False,True,False,True,False,False,False,True,False
401,Kricketot,True,False,False,True,False,False,True,False,False
402,Kricketune,False,True,False,True,False,False,False,True,False
403,Shinx,True,False,False,True,False,False,True,False,False
404,Luxio,False,True,False,True,False,False,True,False,False
405,Luxray,False,True,False,True,False,False,False,True,False
406,Budew,True,False,False,True,False,False,True,False,False
407,Roserade,False,True,False,True,False,False,False,True,False
408,Cranidos,False,True,False,True,False,False,True,False,False
409,Rampardos,False,True,False,True,False,False,True,False,False
410,Shieldon,True,False,False,False,True,False,True,False,False
411,Bastiodon,True,False,False,False,True,False,True,False,False
412,Burmy,True,False,False,True,False,False,True,False,False
413,WormadamPlant Cloak,False,True,False,False,True,False,True,False,False
413,WormadamSandy Cloak,False,True,False,False,True,False,True,False,False
413,WormadamTrash Cloak,False,True,False,False,True,False,True,False,False
414,Mothim,False,True,False,True,False,False,False,True,False
415,Combee,True,False,False,True,False,False,False,True,False
416,Vespiquen,False,True,False,False,True,False,True,False,False
417,Pachirisu,True,False,False,True,False,False,False,True,False
418,Buizel,True,False,False,True,False,False,False,True,False
419,Floatzel,False,True,False,True,False,False,False,True,False
420,Cherubi,True,False,False,True,False,False,True,False,False
421,Cherrim,False,True,False,True,False,False,False,True,False
422,Shellos,True,False,False,True,False,False,True,False,False
423,Gastrodon,False,True,False,True,False,False,True,False,False
424,Ambipom,False,True,False,True,False,False,False,True,False
425,Drifloon,True,False,False,True,False,False,False,True,False
426,Drifblim,False,True,False,True,False,False,False,True,False
427,Buneary,True,False,False,True,False,False,False,True,False
428,Lopunny,True,False,False,False,True,False,False,True,False
428,Mega Lopunny,False,True,False,False,True,False,False,False,True
429,Mismagius,False,True,False,True,False,False,False,True,False
430,Honchkrow,False,True,False,True,False,False,False,True,False
431,Glameow,True,False,False,True,False,False,False,True,False
432,Purugly,False,True,False,True,False,False,False,True,False
433,Chingling,True,False,False,True,False,False,True,False,False
434,Stunky,True,False,False,True,False,False,False,True,False
435,Skuntank,False,True,False,True,False,False,False,True,False
436,Bronzor,True,False,False,True,False,False,True,False,False
437,Bronzong,False,True,False,False,True,False,True,False,False
438,Bonsly,True,False,False,True,False,False,True,False,False
439,Mime Jr.,True,False,False,True,False,False,True,False,False
440,Happiny,True,False,False,True,False,False,True,False,False
441,Chatot,False,True,False,True,False,False,False,True,False
442,Spiritomb,False,True,False,False,True,False,True,False,False
443,Gible,True,False,False,True,False,False,True,False,False
444,Gabite,False,True,False,True,False,False,False,True,False
445,Garchomp,False,True,False,False,True,False,False,True,False
445,Mega Garchomp,False,False,True,False,True,False,False,True,False
446,Munchlax,True,False,False,True,False,False,True,False,False
447,Riolu,True,False,False,True,False,False,True,False,False
448,Lucario,False,True,False,True,False,False,False,True,False
448,Mega Lucario,False,False,True,True,False,False,False,True,False
449,Hippopotas,True,False,False,True,False,False,True,False,False
450,Hippowdon,False,True,False,False,True,False,True,False,False
451,Skorupi,True,False,False,True,False,False,False,True,False
452,Drapion,False,True,False,False,True,False,False,True,False
453,Croagunk,True,False,False,True,False,False,True,False,False
454,Toxicroak,False,True,False,True,False,False,False,True,False
455,Carnivine,False,True,False,True,False,False,True,False,False
456,Finneon,True,False,False,True,False,False,False,True,False
457,Lumineon,False,True,False,True,False,False,False,True,False
458,Mantyke,True,False,False,True,False,False,True,False,False
459,Snover,True,False,False,True,False,False,True,False,False
460,Abomasnow,False,True,False,True,False,False,True,False,False
460,Mega Abomasnow,False,False,True,False,True,False,True,False,False
461,Weavile,False,True,False,True,False,False,False,False,True
462,Magnezone,False,True,False,False,True,False,True,False,False
463,Lickilicky,False,True,False,False,True,False,True,False,False
464,Rhyperior,False,True,False,False,True,False,True,False,False
465,Tangrowth,False,True,False,True,False,False,True,False,False
466,Electivire,False,True,False,True,False,False,False,True,False
467,Magmortar,False,True,False,True,False,False,False,True,False
468,Togekiss,False,True,False,False,True,False,False,True,False
469,Yanmega,False,True,False,True,False,False,False,True,False
470,Leafeon,False,True,False,False,True,False,False,True,False
471,Glaceon,False,True,False,False,True,False,False,True,False
472,Gliscor,False,True,False,False,True,False,False,True,False
473,Mamoswine,False,True,False,True,False,False,False,True,False
474,Porygon-Z,False,True,False,True,False,False,False,True,False
475,Gallade,False,True,False,False,True,False,False,True,False
475,Mega Gallade,False,True,False,False,True,False,False,True,False
476,Probopass,True,False,False,False,True,False,True,False,False
477,Dusknoir,False,True,False,False,True,False,True,False,False
478,Froslass,False,True,False,True,False,False,False,True,False
479,Rotom,False,True,False,True,False,False,False,True,False
479,RotomHeat Rotom,False,True,False,False,True,False,False,True,False
479,RotomWash Rotom,False,True,False,False,True,False,False,True,False
479,RotomFrost Rotom,False,True,False,False,True,False,False,True,False
479,RotomFan Rotom,False,True,False,False,True,False,False,True,False
479,RotomMow Rotom,False,True,False,False,True,False,False,True,False
480,Uxie,False,True,False,False,True,False,False,True,False
481,Mesprit,False,True,False,False,True,False,False,True,False
482,Azelf,False,False,True,True,False,False,False,True,False
483,Dialga,False,False,True,False,True,False,False,True,False
484,Palkia,False,False,True,False,True,False,False,True,False
485,Heatran,False,True,False,False,True,False,False,True,False
486,Regigigas,False,True,False,False,True,False,False,True,False
487,GiratinaAltered Forme,False,True,False,False,True,False,False,True,False
487,GiratinaOrigin Forme,False,True,False,False,True,False,False,True,False
488,Cresselia,False,True,False,False,True,False,False,True,False
489,Phione,False,True,False,True,False,False,False,True,False
490,Manaphy,False,True,False,False,True,False,False,True,False
491,Darkrai,False,True,False,False,True,False,False,False,True
492,ShayminLand Forme,False,True,False,False,True,False,False,True,False
492,ShayminSky Forme,False,True,False,True,False,False,False,False,True
493,Arceus,False,True,False,False,True,False,False,True,False
494,Victini,False,True,False,False,True,False,False,True,False
495,Snivy,True,False,False,True,False,False,True,False,False
496,Servine,True,False,False,True,False,False,False,True,False
497,Serperior,False,True,False,False,True,False,False,True,False
498,Tepig,True,False,False,True,False,False,True,False,False
499,Pignite,False,True,False,True,False,False,True,False,False
500,Emboar,False,True,False,True,False,False,False,True,False
501,Oshawott,True,False,False,True,False,False,True,False,False
502,Dewott,False,True,False,True,False,False,True,False,False
503,Samurott,False,True,False,True,False,False,False,True,False
504,Patrat,True,False,False,True,False,False,True,False,False
505,Watchog,False,True,False,True,False,False,False,True,False
506,Lillipup,True,False,False,True,False,False,True,False,False
507,Herdier,True,False,False,True,False,False,True,False,False
508,Stoutland,False,True,False,False,True,False,False,True,False
509,Purrloin,True,False,False,True,False,False,False,True,False
510,Liepard,False,True,False,True,False,False,False,True,False
511,Pansage,True,False,False,True,False,False,False,True,False
512,Simisage,False,True,False,True,False,False,False,True,False
513,Pansear,True,False,False,True,False,False,False,True,False
514,Simisear,False,True,False,True,False,False,False,True,False
515,Panpour,True,False,False,True,False,False,False,True,False
516,Simipour,False,True,False,True,False,False,False,True,False
517,Munna,True,False,False,True,False,False,True,False,False
518,Musharna,False,True,False,False,True,False,True,False,False
519,Pidove,True,False,False,True,False,False,True,False,False
520,Tranquill,True,False,False,True,False,False,False,True,False
521,Unfezant,False,True,False,True,False,False,False,True,False
522,Blitzle,True,False,False,True,False,False,False,True,False
523,Zebstrika,False,True,False,True,False,False,False,True,False
524,Roggenrola,True,False,False,True,False,False,True,False,False
525,Boldore,False,True,False,True,False,False,True,False,False
526,Gigalith,False,True,False,False,True,False,True,False,False
527,Woobat,True,False,False,True,False,False,False,True,False
528,Swoobat,False,True,False,True,False,False,False,True,False
529,Drilbur,True,False,False,True,False,False,False,True,False
530,Excadrill,False,True,False,True,False,False,False,True,False
531,Audino,True,False,False,True,False,False,True,False,False
531,Mega Audino,False,True,False,False,True,False,True,False,False
532,Timburr,True,False,False,True,False,False,True,False,False
533,Gurdurr,False,True,False,True,False,False,True,False,False
534,Conkeldurr,False,True,False,True,False,False,True,False,False
535,Tympole,True,False,False,True,False,False,False,True,False
536,Palpitoad,True,False,False,True,False,False,False,True,False
537,Seismitoad,False,True,False,True,False,False,False,True,False
538,Throh,True,False,False,True,False,False,True,False,False
539,Sawk,False,True,False,True,False,False,False,True,False
540,Sewaddle,True,False,False,True,False,False,True,False,False
541,Swadloon,True,False,False,True,False,False,True,False,False
542,Leavanny,False,True,False,True,False,False,False,True,False
543,Venipede,True,False,False,True,False,False,True,False,False
544,Whirlipede,True,False,False,False,True,False,True,False,False
545,Scolipede,False,True,False,True,False,False,False,True,False
546,Cottonee,True,False,False,True,False,False,False,True,False
547,Whimsicott,False,True,False,True,False,False,False,True,False
548,Petilil,True,False,False,True,False,False,True,False,False
549,Lilligant,False,True,False,True,False,False,False,True,False
550,Basculin,False,True,False,True,False,False,False,True,False
551,Sandile,True,False,False,True,False,False,False,True,False
552,Krokorok,True,False,False,True,False,False,False,True,False
553,Krookodile,False,True,False,True,False,False,False,True,False
554,Darumaka,True,False,False,True,False,False,True,False,False
555,DarmanitanStandard Mode,False,True,False,True,False,False,False,True,False
555,DarmanitanZen Mode,False,True,False,False,True,False,True,False,False
556,Maractus,False,True,False,True,False,False,True,False,False
557,Dwebble,True,False,False,True,False,False,True,False,False
558,Crustle,False,True,False,False,True,False,True,False,False
559,Scraggy,True,False,False,True,False,False,True,False,False
560,Scrafty,False,True,False,False,True,False,True,False,False
561,Sigilyph,False,True,False,True,False,False,False,True,False
562,Yamask,True,False,False,True,False,False,True,False,False
563,Cofagrigus,False,True,False,False,True,False,True,False,False
564,Tirtouga,True,False,False,True,False,False,True,False,False
565,Carracosta,False,True,False,False,True,False,True,False,False
566,Archen,False,True,False,True,False,False,False,True,False
567,Archeops,False,False,True,True,False,False,False,True,False
568,Trubbish,True,False,False,True,False,False,False,True,False
569,Garbodor,False,True,False,True,False,False,False,True,False
570,Zorua,False,True,False,True,False,False,False,True,False
571,Zoroark,False,True,False,True,False,False,False,True,False
572,Minccino,True,False,False,True,False,False,False,True,False
573,Cinccino,False,True,False,True,False,False,False,True,False
574,Gothita,True,False,False,True,False,False,True,False,False
575,Gothorita,True,False,False,True,False,False,True,False,False
576,Gothitelle,False,True,False,False,True,False,False,True,False
577,Solosis,False,True,False,True,False,False,True,False,False
578,Duosion,False,True,False,True,False,False,True,False,False
579,Reuniclus,False,True,False,True,False,False,True,False,False
580,Ducklett,True,False,False,True,False,False,True,False,False
581,Swanna,False,True,False,True,False,False,False,True,False
582,Vanillite,True,False,False,True,False,False,True,False,False
583,Vanillish,False,True,False,True,False,False,True,False,False
584,Vanilluxe,False,True,False,False,True,False,False,True,False
585,Deerling,True,False,False,True,False,False,False,True,False
586,Sawsbuck,False,True,False,True,False,False,False,True,False
587,Emolga,False,True,False,True,False,False,False,True,False
588,Karrablast,True,False,False,True,False,False,True,False,False
589,Escavalier,False,True,False,False,True,False,True,False,False
590,Foongus,True,False,False,True,False,False,True,False,False
591,Amoonguss,False,True,False,True,False,False,True,False,False
592,Frillish,True,False,False,True,False,False,True,False,False
593,Jellicent,False,True,False,True,False,False,True,False,False
594,Alomomola,True,False,False,True,False,False,False,True,False
595,Joltik,True,False,False,True,False,False,False,True,False
596,Galvantula,False,True,False,True,False,False,False,True,False
597,Ferroseed,True,False,False,False,True,False,True,False,False
598,Ferrothorn,False,True,False,False,True,False,True,False,False
599,Klink,True,False,False,True,False,False,True,False,False
600,Klang,False,True,False,False,True,False,True,False,False
601,Klinklang,False,True,False,False,True,False,False,True,False
602,Tynamo,True,False,False,True,False,False,True,False,False
603,Eelektrik,False,True,False,True,False,False,True,False,False
604,Eelektross,False,True,False,True,False,False,True,False,False
605,Elgyem,False,True,False,True,False,False,True,False,False
606,Beheeyem,False,True,False,True,False,False,True,False,False
607,Litwick,True,False,False,True,False,False,True,False,False
608,Lampent,False,True,False,True,False,False,True,False,False
609,Chandelure,False,True,False,False,True,False,False,True,False
610,Axew,True,False,False,True,False,False,True,False,False
611,Fraxure,False,True,False,True,False,False,False,True,False
612,Haxorus,False,True,False,True,False,False,False,True,False
613,Cubchoo,True,False,False,True,False,False,True,False,False
614,Beartic,False,True,False,True,False,False,True,False,False
615,Cryogonal,False,True,False,True,False,False,False,True,False
616,Shelmet,True,False,False,True,False,False,True,False,False
617,Accelgor,False,True,False,True,False,False,False,False,True
618,Stunfisk,False,True,False,False,True,False,True,False,False
619,Mienfoo,False,True,False,True,False,False,False,True,False
620,Mienshao,False,True,False,True,False,False,False,True,False
621,Druddigon,False,True,False,False,True,False,True,False,False
622,Golett,True,False,False,True,False,False,True,False,False
623,Golurk,False,True,False,True,False,False,True,False,False
624,Pawniard,True,False,False,True,False,False,True,False,False
625,Bisharp,False,True,False,True,False,False,False,True,False
626,Bouffalant,False,True,False,False,True,False,True,False,False
627,Rufflet,True,False,False,True,False,False,True,False,False
628,Braviary,False,True,False,True,False,False,False,True,False
629,Vullaby,True,False,False,True,False,False,True,False,False
630,Mandibuzz,True,False,False,False,True,False,False,True,False
631,Heatmor,False,True,False,True,False,False,False,True,False
632,Durant,False,True,False,True,False,False,False,True,False
633,Deino,True,False,False,True,False,False,True,False,False
634,Zweilous,False,True,False,True,False,False,True,False,False
635,Hydreigon,False,True,False,False,True,False,False,True,False
636,Larvesta,False,True,False,True,False,False,True,False,False
637,Volcarona,False,True,False,True,False,False,False,True,False
638,Cobalion,False,True,False,False,True,False,False,True,False
639,Terrakion,False,True,False,False,True,False,False,True,False
640,Virizion,False,True,False,False,True,False,False,True,False
641,TornadusIncarnate Forme,False,True,False,True,False,False,False,True,False
641,TornadusTherian Forme,False,True,False,True,False,False,False,True,False
642,ThundurusIncarnate Forme,False,True,False,True,False,False,False,True,False
642,ThundurusTherian Forme,False,False,True,True,False,False,False,True,False
643,Reshiram,False,False,True,False,True,False,False,True,False
644,Zekrom,False,False,True,False,True,False,False,True,False
645,LandorusIncarnate Forme,False,True,False,True,False,False,False,True,False
645,LandorusTherian Forme,False,False,True,True,False,False,False,True,False
646,Kyurem,False,False,True,False,True,False,False,True,False
646,KyuremBlack Kyurem,False,False,True,False,True,False,False,True,False
646,KyuremWhite Kyurem,False,False,True,False,True,False,False,True,False
647,KeldeoOrdinary Forme,False,True,False,False,True,False,False,True,False
647,KeldeoResolute Forme,False,True,False,False,True,False,False,True,False
648,MeloettaAria Forme,False,True,False,False,True,False,False,True,False
648,MeloettaPirouette Forme,False,True,False,True,False,False,False,False,True
649,Genesect,False,True,False,False,True,False,False,True,False
650,Chespin,True,False,False,True,False,False,True,False,False
651,Quilladin,False,True,False,True,False,False,True,False,False
652,Chesnaught,False,True,False,False,True,False,False,True,False
653,Fennekin,True,False,False,True,False,False,True,False,False
654,Braixen,False,True,False,True,False,False,False,True,False
655,Delphox,False,True,False,True,False,False,False,True,False
656,Froakie,True,False,False,True,False,False,False,True,False
657,Frogadier,False,True,False,True,False,False,False,True,False
658,Greninja,False,True,False,True,False,False,False,False,True
659,Bunnelby,True,False,False,True,False,False,True,False,False
660,Diggersby,True,False,False,True,False,False,False,True,False
661,Fletchling,True,False,False,True,False,False,True,False,False
662,Fletchinder,True,False,False,True,False,False,False,True,False
663,Talonflame,False,True,False,True,False,False,False,False,True
664,Scatterbug,True,False,False,True,False,False,True,False,False
665,Spewpa,True,False,False,True,False,False,True,False,False
666,Vivillon,False,True,False,True,False,False,False,True,False
667,Litleo,True,False,False,True,False,False,False,True,False
668,Pyroar,False,True,False,True,False,False,False,True,False
669,Flabébé,True,False,False,True,False,False,True,False,False
670,Floette,True,False,False,True,False,False,True,False,False
671,Florges,False,True,False,False,True,False,False,True,False
672,Skiddo,True,False,False,True,False,False,True,False,False
673,Gogoat,False,True,False,True,False,False,False,True,False
674,Pancham,True,False,False,True,False,False,True,False,False
675,Pangoro,False,True,False,True,False,False,True,False,False
676,Furfrou,False,True,False,True,False,False,False,True,False
677,Espurr,True,False,False,True,False,False,False,True,False
678,MeowsticMale,True,False,False,True,False,False,False,True,False
678,MeowsticFemale,True,False,False,True,False,False,False,True,False
679,Honedge,True,False,False,True,False,False,True,False,False
680,Doublade,False,True,False,False,True,False,True,False,False
681,AegislashBlade Forme,False,False,True,True,False,False,True,False,False
681,AegislashShield Forme,True,False,False,False,True,False,True,False,False
682,Spritzee,True,False,False,True,False,False,True,False,False
683,Aromatisse,False,True,False,True,False,False,True,False,False
684,Swirlix,True,False,False,True,False,False,True,False,False
685,Slurpuff,False,True,False,True,False,False,False,True,False
686,Inkay,True,False,False,True,False,False,True,False,False
687,Malamar,False,True,False,True,False,False,False,True,False
688,Binacle,True,False,False,True,False,False,True,False,False
689,Barbaracle,False,True,False,False,True,False,False,True,False
690,Skrelp,True,False,False,True,False,False,True,False,False
691,Dragalge,False,True,False,False,True,False,True,False,False
692,Clauncher,True,False,False,True,False,False,True,False,False
693,Clawitzer,False,True,False,False,True,False,True,False,False
694,Helioptile,True,False,False,True,False,False,False,True,False
695,Heliolisk,False,True,False,True,False,False,False,True,False
696,Tyrunt,False,True,False,True,False,False,True,False,False
697,Tyrantrum,False,True,False,False,True,False,False,True,False
698,Amaura,True,False,False,True,False,False,True,False,False
699,Aurorus,False,True,False,True,False,False,True,False,False
700,Sylveon,False,True,False,False,True,False,True,False,False
701,Hawlucha,False,True,False,True,False,False,False,True,False
702,Dedenne,False,True,False,True,False,False,False,True,False
703,Carbink,True,False,False,False,True,False,True,False,False
704,Goomy,True,False,False,True,False,False,True,False,False
705,Sliggoo,False,True,False,True,False,False,True,False,False
706,Goodra,False,True,False,False,True,False,False,True,False
707,Klefki,False,True,False,False,True,False,False,True,False
708,Phantump,True,False,False,True,False,False,True,False,False
709,Trevenant,False,True,False,True,False,False,True,False,False
710,PumpkabooAverage Size,True,False,False,True,False,False,True,False,False
710,PumpkabooSmall Size,True,False,False,True,False,False,True,False,False
710,PumpkabooLarge Size,True,False,False,True,False,False,True,False,False
710,PumpkabooSuper Size,True,False,False,True,False,False,True,False,False
711,GourgeistAverage Size,False,True,False,False,True,False,False,True,False
711,GourgeistSmall Size,False,True,False,False,True,False,False,True,False
711,GourgeistLarge Size,False,True,False,False,True,False,False,True,False
711,GourgeistSuper Size,False,True,False,False,True,False,True,False,False
712,Bergmite,True,False,False,True,False,False,True,False,False
713,Avalugg,False,True,False,False,True,False,True,False,False
714,Noibat,True,False,False,True,False,False,True,False,False
715,Noivern,False,True,False,True,False,False,False,False,True
716,Xerneas,False,False,True,False,True,False,False,True,False
717,Yveltal,False,False,True,False,True,False,False,True,False
718,Zygarde50% Forme,False,True,False,False,True,False,False,True,False
719,Diancie,False,True,False,False,True,False,True,False,False
719,Mega Diancie,False,False,True,False,True,False,False,True,False
720,Hoopa Confined,False,False,True,False,True,False,False,True,False
720,Hoopa Unbound,False,False,True,False,True,False,False,True,False
721,Volcanion,False,True,False,False,True,False,False,True,False
