#,Name,Legendary,Attack_level,Defense_level,Speed_level
1,Bulbasaur,False,low,low,low
2,Ivysaur,False,medium,low,low
3,Venusaur,False,medium,medium,medium
3,Mega Venusaur,False,medium,medium,medium
4,Charmander,False,low,low,medium
5,Charmeleon,False,medium,low,medium
6,Charizard,False,medium,low,medium
6,Mega Charizard X,False,high,medium,medium
6,Mega Charizard Y,False,high,medium,medium
7,Squirtle,False,low,low,low
8,Wartortle,False,low,low,low
9,Blastoise,False,medium,medium,medium
9,Mega Blastoise,False,medium,medium,medium
10,Caterpie,False,low,low,low
11,Metapod,False,low,low,low
12,Butterfree,False,medium,low,medium
13,Weedle,False,low,low,low
14,Kakuna,False,low,low,low
15,Beedrill,False,medium,low,medium
15,Mega Beedrill,False,medium,low,high
16,Pidgey,False,low,low,low
17,Pidgeotto,False,low,low,medium
18,Pidgeot,False,medium,low,medium
18,Mega Pidgeot,False,medium,low,medium
19,Rattata,False,low,low,medium
20,Raticate,False,low,low,medium
21,Spearow,False,low,low,medium
22,Fearow,False,medium,low,medium
23,Ekans,False,low,low,low
24,Arbok,False,medium,low,medium
25,Pikachu,False,low,low,medium
26,Raichu,False,medium,low,medium
27,Sandshrew,False,low,low,low
28,Sandslash,False,medium,low,medium
29,Nidoran♀,False,low,low,low
30,Nidorina,False,low,low,low
31,Nidoqueen,False,medium,low,medium
32,Nidoran♂,False,low,low,low
33,Nidorino,False,low,low,medium
34,Nidoking,False,medium,low,medium
35,Clefairy,False,low,low,low
36,Clefable,False,medium,low,low
37,Vulpix,False,low,low,medium
38,Ninetales,False,medium,low,medium
39,Jigglypuff,False,low,low,low
40,Wigglytuff,False,medium,low,low
41,Zubat,False,low,low,low
42,Golbat,False,medium,low,medium
43,Oddish,False,low,low,low
44,Gloom,False,medium,low,low
45,Vileplume,False,medium,low,low
46,Paras,False,low,low,low
47,Parasect,False,medium,low,low
48,Venonat,False,low,low,low
49,Venomoth,False,medium,low,medium
50,Diglett,False,low,low,medium
51,Dugtrio,False,low,low,medium
52,Meowth,False,low,low,medium
53,Persian,False,medium,low,medium
54,Psyduck,False,low,low,low
55,Golduck,False,medium,low,medium
56,Mankey,False,low,low,medium
57,Primeape,False,medium,low,medium
58,Growlithe,False,medium,low,low
59,Arcanine,False,medium,low,medium
60,Poliwag,False,low,low,medium
61,Poliwhirl,False,low,low,medium
62,Poliwrath,False,medium,medium,medium
63,Abra,False,low,low,medium
64,Kadabra,False,medium,low,medium
65,Alakazam,False,medium,low,medium
65,Mega Alakazam,False,medium,low,high
66,Machop,False,low,low,low
67,Machoke,False,medium,low,low
68,Machamp,False,medium,low,low
69,Bellsprout,False,medium,low,low
70,Weepinbell,False,medium,low,low
71,Victreebel,False,medium,low,medium
72,Tentacool,False,low,low,medium
73,Tentacruel,False,medium,medium,medium
74,Geodude,False,low,low,low
75,Graveler,False,medium,low,low
76,Golem,False,medium,medium,low
77,Ponyta,False,medium,low,medium
78,Rapidash,False,medium,low,medium
79,Slowpoke,False,low,low,low
80,Slowbro,False,medium,medium,low
80,Mega Slowbro,False,medium,medium,low
81,Magnemite,False,low,low,low
82,Magneton,False,medium,low,medium
83,Farfetch'd,False,low,low,low
84,Doduo,False,low,low,medium
85,Dodrio,False,medium,low,medium
86,Seel,False,low,low,low
87,Dewgong,False,medium,low,medium
88,Grimer,False,low,low,low
89,Muk,False,medium,low,low
90,Shellder,False,low,low,low
91,Cloyster,False,medium,medium,medium
92,Gastly,False,medium,low,medium
93,Haunter,False,medium,low,medium
94,Gengar,False,medium,low,medium
94,Mega Gengar,False,medium,low,high
95,Onix,False,low,medium,medium
96,Drowzee,False,low,low,low
97,Hypno,False,medium,medium,medium
98,Krabby,False,low,low,low
99,Kingler,False,medium,low,medium
100,Voltorb,False,low,low,medium
101,Electrode,False,low,low,high
102,Exeggcute,False,low,low,low
103,Exeggutor,False,medium,low,low
104,Cubone,False,low,low,low
105,Marowak,False,low,medium,low
106,Hitmonlee,False,medium,low,medium
107,Hitmonchan,False,medium,medium,medium
108,Lickitung,False,low,low,low
109,Koffing,False,low,low,low
110,Weezing,False,medium,medium,low
111,Rhyhorn,False,low,low,low
112,Rhydon,False,medium,low,low
113,Chansey,False,low,low,low
114,Tangela,False,medium,low,low
115,Kangaskhan,False,medium,low,medium
115,Mega Kangaskhan,False,medium,medium,medium
116,Horsea,False,low,low,low
117,Seadra,False,medium,low,medium
118,Goldeen,False,low,low,low
119,Seaking,False,medium,low,medium
120,Staryu,False,low,low,medium
121,Starmie,False,medium,low,medium
122,Mr. Mime,False,medium,medium,medium
123,Scyther,False,medium,low,medium
124,Jynx,False,medium,low,medium
125,Electabuzz,False,medium,low,medium
126,Magmar,False,medium,low,medium
127,Pinsir,False,medium,low,medium
127,Mega Pinsir,False,medium,medium,medium
128,Tauros,False,medium,low,medium
129,Magikarp,False,low,low,medium
130,Gyarados,False,medium,medium,medium
130,Mega Gyarados,False,medium,medium,medium
131,Lapras,False,medium,low,low
132,Ditto,False,low,low,low
133,Eevee,False,low,low,low
134,Vaporeon,False,medium,low,medium
135,Jolteon,False,medium,low,high
136,Flareon,False,medium,low,medium
137,Porygon,False,medium,low,low
138,Omanyte,False,low,low,low
139,Omastar,False,medium,medium,low
140,Kabuto,False,medium,low,low
141,Kabutops,False,medium,low,medium
142,Aerodactyl,False,medium,low,high
142,Mega Aerodactyl,False,medium,medium,high
143,Snorlax,False,medium,low,low
144,Articuno,True,medium,medium,medium
145,Zapdos,True,medium,low,medium
146,Moltres,True,medium,low,medium
147,Dratini,False,low,low,low
148,Dragonair,False,medium,low,medium
149,Dragonite,False,medium,medium,medium
150,Mewtwo,True,high,medium,high
150,Mega Mewtwo X,True,high,medium,high
150,Mega Mewtwo Y,True,high,medium,high
151,Mew,False,medium,medium,medium
152,Chikorita,False,low,low,low
153,Bayleef,False,low,low,low
154,Meganium,False,medium,medium,medium
155,Cyndaquil,False,low,low,medium
156,Quilava,False,medium,low,medium
157,Typhlosion,False,medium,low,medium
158,Totodile,False,low,low,low
159,Croconaw,False,medium,low,low
160,Feraligatr,False,medium,medium,medium
161,Sentret,False,low,low,low
162,Furret,False,low,low,medium
163,Hoothoot,False,low,low,low
164,Noctowl,False,low,low,medium
165,Ledyba,False,low,low,low
166,Ledian,False,low,low,medium
167,Spinarak,False,low,low,low
168,Ariados,False,medium,low,low
169,Crobat,False,medium,low,high
170,Chinchou,False,low,low,medium
171,Lanturn,False,medium,low,medium
172,Pichu,False,low,low,low
173,Cleffa,False,low,low,low
174,Igglybuff,False,low,low,low
175,Togepi,False,low,low,low
176,Togetic,False,low,medium,low
177,Natu,False,low,low,medium
178,Xatu,False,medium,low,medium
179,Mareep,False,low,low,low
180,Flaaffy,False,medium,low,low
181,Ampharos,False,medium,low,low
181,Mega Ampharos,False,high,medium,low
182,Bellossom,False,medium,medium,low
183,Marill,False,low,low,low
184,Azumarill,False,low,low,low
185,Sudowoodo,False,low,medium,low
186,Politoed,False,medium,low,medium
187,Hoppip,False,low,low,low
188,Skiploom,False,low,low,medium
189,Jumpluff,False,low,low,medium
190,Aipom,False,low,low,medium
191,Sunkern,False,low,low,low
192,Sunflora,False,medium,low,low
193,Yanma,False,medium,low,medium
194,Wooper,False,low,low,low
195,Quagsire,False,medium,low,low
196,Espeon,False,medium,low,medium
197,Umbreon,False,low,medium,medium
198,Murkrow,False,medium,low,medium
199,Slowking,False,medium,medium,low
200,Misdreavus,False,medium,low,medium
201,Unown,False,medium,low,low
202,Wobbuffet,False,low,low,low
203,Girafarig,False,medium,low,medium
204,Pineco,False,low,low,low
205,Forretress,False,medium,medium,low
206,Dunsparce,False,medium,low,low
207,Gligar,False,low,low,medium
208,Steelix,False,medium,medium,low
208,Mega Steelix,False,medium,high,low
209,Snubbull,False,low,low,low
210,Granbull,False,medium,low,low
211,Qwilfish,False,medium,low,medium
212,Scizor,False,medium,medium,medium
212,Mega Scizor,False,medium,medium,medium
213,Shuckle,False,low,high,low
214,Heracross,False,medium,low,medium
214,Mega Heracross,False,medium,medium,medium
215,Sneasel,False,low,low,medium
216,Teddiursa,False,low,low,low
217,Ursaring,False,medium,low,low
218,Slugma,False,low,low,low
219,Magcargo,False,low,medium,low
220,Swinub,False,low,low,low
221,Piloswine,False,medium,low,low
222,Corsola,False,low,low,low
223,Remoraid,False,low,low,medium
224,Octillery,False,medium,low,low
225,Delibird,False,low,low,medium
226,Mantine,False,low,medium,medium
227,Skarmory,False,low,medium,medium
228,Houndour,False,medium,low,medium
229,Houndoom,False,medium,low,medium
229,Mega Houndoom,False,medium,medium,medium
230,Kingdra,False,medium,medium,medium
231,Phanpy,False,low,low,low
232,Donphan,False,medium,medium,low
233,Porygon2,False,medium,medium,low
234,Stantler,False,medium,low,medium
235,Smeargle,False,low,low,medium
236,Tyrogue,False,low,low,low
237,Hitmontop,False,low,medium,medium
238,Smoochum,False,low,low,medium
239,Elekid,False,low,low,medium
240,Magby,False,medium,low,medium
241,Miltank,False,low,low,medium
242,Blissey,False,low,low,low
243,Raikou,True,medium,low,medium
244,Entei,True,medium,low,medium
245,Suicune,True,medium,medium,medium
246,Larvitar,False,low,low,low
247,Pupitar,False,medium,low,low
248,Tyranitar,False,medium,medium,low
248,Mega Tyranitar,False,high,medium,medium
249,Lugia,True,medium,medium,medium
250,Ho-oh,True,medium,medium,medium
251,Celebi,False,medium,medium,medium
252,Treecko,False,low,low,medium
253,Grovyle,False,medium,low,medium
254,Sceptile,False,medium,low,medium
254,Mega Sceptile,False,high,low,high
255,Torchic,False,low,low,low
256,Combusken,False,medium,low,low
257,Blaziken,False,medium,low,medium
257,Mega Blaziken,False,high,low,medium
258,Mudkip,False,low,low,low
259,Marshtomp,False,medium,low,low
260,Swampert,False,medium,medium,low
260,Mega Swampert,False,medium,medium,medium
261,Poochyena,False,low,low,low
262,Mightyena,False,medium,low,medium
263,Zigzagoon,False,low,low,low
264,Linoone,False,low,low,medium
265,Wurmple,False,low,low,low
266,Silcoon,False,low,low,low
267,Beautifly,False,medium,low,medium
268,Cascoon,False,low,low,low
269,Dustox,False,low,low,medium
270,Lotad,False,low,low,low
271,Lombre,False,low,low,low
272,Ludicolo,False,medium,low,medium
273,Seedot,False,low,low,low
274,Nuzleaf,False,low,low,low
275,Shiftry,False,medium,low,medium
276,Taillow,False,low,low,medium
277,Swellow,False,medium,low,high
278,Wingull,False,low,low,medium
279,Pelipper,False,medium,low,medium
280,Ralts,False,low,low,low
281,Kirlia,False,low,low,low
282,Gardevoir,False,medium,medium,medium
282,Mega Gardevoir,False,high,medium,medium
283,Surskit,False,low,low,medium
284,Masquerain,False,medium,low,low
285,Shroomish,False,low,low,low
286,Breloom,False,medium,low,medium
287,Slakoth,False,low,low,low
288,Vigoroth,False,medium,low,medium
289,Slaking,False,high,low,medium
290,Nincada,False,low,low,low
291,Ninjask,False,medium,low,high
292,Shedinja,False,low,low,low
293,Whismur,False,low,low,low
294,Loudred,False,medium,low,low
295,Exploud,False,medium,low,medium
296,Makuhita,False,low,low,low
297,Hariyama,False,medium,low,low
298,Azurill,False,low,low,low
299,Nosepass,False,low,medium,low
300,Skitty,False,low,low,low
301,Delcatty,False,low,low,medium
302,Sableye,False,medium,low,low
302,Mega Sableye,False,medium,medium,low
303,Mawile,False,medium,low,low
303,Mega Mawile,False,medium,medium,low
304,Aron,False,low,low,low
305,Lairon,False,medium,medium,low
306,Aggron,False,medium,medium,low
306,Mega Aggron,False,medium,medium,low
307,Meditite,False,low,low,low
308,Medicham,False,low,low,medium
308,Mega Medicham,False,medium,low,medium
309,Electrike,False,low,low,medium
310,Manectric,False,medium,low,medium
310,Mega Manectric,False,medium,low,high
311,Plusle,False,medium,low,medium
312,Minun,False,low,low,medium
313,Volbeat,False,low,low,medium
314,Illumise,False,low,low,medium
315,Roselia,False,medium,low,medium
316,Gulpin,False,low,low,low
317,Swalot,False,medium,low,low
318,Carvanha,False,medium,low,medium
319,Sharpedo,False,medium,low,medium
319,Mega Sharpedo,False,high,low,medium
320,Wailmer,False,medium,low,low
321,Wailord,False,medium,low,low
322,Numel,False,low,low,low
323,Camerupt,False,medium,low,low
323,Mega Camerupt,False,high,medium,low
324,Torkoal,False,medium,medium,low
325,Spoink,False,low,low,low
326,Grumpig,False,medium,low,medium
327,Spinda,False,low,low,low
328,Trapinch,False,medium,low,low
329,Vibrava,False,low,low,medium
330,Flygon,False,medium,low,medium
331,Cacnea,False,medium,low,low
332,Cacturne,False,medium,low,low
333,Swablu,False,low,low,low
334,Altaria,False,medium,medium,medium
334,Mega Altaria,False,medium,medium,medium
335,Zangoose,False,medium,low,medium
336,Seviper,False,medium,low,medium
337,Lunatone,False,medium,low,medium
338,Solrock,False,medium,low,medium
339,Barboach,False,low,low,low
340,Whiscash,False,medium,low,low
341,Corphish,False,low,low,low
342,Crawdaunt,False,medium,low,low
343,Baltoy,False,low,low,low
344,Claydol,False,medium,medium,medium
345,Lileep,False,low,low,low
346,Cradily,False,medium,medium,low
347,Anorith,False,medium,low,medium
348,Armaldo,False,medium,medium,low
349,Feebas,False,low,low,medium
350,Milotic,False,medium,medium,medium
351,Castform,False,medium,low,medium
352,Kecleon,False,medium,medium,low
353,Shuppet,False,medium,low,low
354,Banette,False,medium,low,medium
354,Mega Banette,False,high,low,medium
355,Duskull,False,low,medium,low
356,Dusclops,False,low,medium,low
357,Tropius,False,medium,low,low
358,Chimecho,False,medium,low,medium
359,Absol,False,medium,low,medium
359,Mega Absol,False,high,low,medium
360,Wynaut,False,low,low,low
361,Snorunt,False,low,low,low
362,Glalie,False,medium,low,medium
362,Mega Glalie,False,medium,low,medium
363,Spheal,False,low,low,low
364,Sealeo,False,medium,low,low
365,Walrein,False,medium,medium,medium
366,Clamperl,False,medium,low,low
367,Huntail,False,medium,medium,low
368,Gorebyss,False,medium,medium,low
369,Relicanth,False,medium,medium,low
370,Luvdisc,False,low,low,medium
371,Bagon,False,low,low,low
372,Shelgon,False,medium,low,low
373,Salamence,False,medium,low,medium
373,Mega Salamence,False,high,medium,medium
374,Beldum,False,low,low,low
375,Metang,False,low,medium,low
376,Metagross,False,medium,medium,medium
376,Mega Metagross,False,high,medium,medium
377,Regirock,True,medium,medium,low
378,Regice,True,medium,medium,low
379,Registeel,True,medium,medium,low
380,Latias,True,medium,medium,medium
380,Mega Latias,True,medium,medium,medium
381,Latios,True,medium,medium,medium
381,Mega Latios,True,high,medium,medium
382,Kyogre,True,high,medium,medium
382,Primal Kyogre,True,high,medium,medium
383,Groudon,True,high,medium,medium
383,Primal Groudon,True,high,medium,medium
384,Rayquaza,True,high,medium,medium
384,Mega Rayquaza,True,high,medium,medium
385,Jirachi,True,medium,medium,medium
386,DeoxysNormal Forme,True,high,low,high
386,DeoxysAttack Forme,True,high,low,high
386,DeoxysDefense Forme,True,medium,high,medium
386,DeoxysSpeed Forme,True,medium,medium,high
387,Turtwig,False,low,low,low
388,Grotle,False,medium,low,low
389,Torterra,False,medium,medium,low
390,Chimchar,False,low,low,low
391,Monferno,False,medium,low,medium
392,Infernape,False,medium,low,medium
393,Piplup,False,low,low,low
394,Prinplup,False,medium,low,low
395,Empoleon,False,medium,medium,low
396,Starly,False,low,low,low
397,Staravia,False,low,low,medium
398,Staraptor,False,medium,low,medium
399,Bidoof,False,low,low,low
400,Bibarel,False,medium,low,medium
401,Kricketot,False,low,low,low
402,Kricketune,False,medium,low,medium
403,Shinx,False,low,low,low
404,Luxio,False,medium,low,low
405,Luxray,False,medium,low,medium
406,Budew,False,low,low,low
407,Roserade,False,medium,low,medium
408,Cranidos,False,medium,low,low
409,Rampardos,False,medium,low,low
410,Shieldon,False,low,medium,low
411,Bastiodon,False,low,medium,low
412,Burmy,False,low,low,low
413,WormadamPlant Cloak,False,medium,medium,low
413,WormadamSandy Cloak,False,medium,medium,low
413,WormadamTrash Cloak,False,medium,medium,low
414,Mothim,False,medium,low,medium
415,Combee,False,low,low,medium
416,Vespiquen,False,medium,medium,low
417,Pachirisu,False,low,low,medium
418,Buizel,False,low,low,medium
419,Floatzel,False,medium,low,medium
420,Cherubi,False,low,low,low
421,Cherrim,False,medium,low,medium
422,Shellos,False,low,low,low
423,Gastrodon,False,medium,low,low
424,Ambipom,False,medium,low,medium
425,Drifloon,False,low,low,medium
426,Drifblim,False,medium,low,medium
427,Buneary,False,low,low,medium
428,Lopunny,False,low,medium,medium
428,Mega Lopunny,False,medium,medium,high
429,Mismagius,False,medium,low,medium
430,Honchkrow,False,medium,low,medium
431,Glameow,False,low,low,medium
432,Purugly,False,medium,low,medium
433,Chingling,False,low,low,low
434,Stunky,False,low,low,medium
435,Skuntank,False,medium,low,medium
436,Bronzor,False,low,low,low
437,Bronzong,False,medium,medium,low
438,Bonsly,False,low,low,low
439,Mime Jr.,False,low,low,low
440,Happiny,False,low,low,low
441,Chatot,False,medium,low,medium
442,Spiritomb,False,medium,medium,low
443,Gible,False,low,low,low
444,Gabite,False,medium,low,medium
445,Garchomp,False,medium,medium,medium
445,Mega Garchomp,False,high,medium,medium
446,Munchlax,False,low,low,low
447,Riolu,False,low,low,low
448,Lucario,False,medium,low,medium
448,Mega Lucario,False,high,low,medium
449,Hippopotas,False,low,low,low
450,Hippowdon,False,medium,medium,low
451,Skorupi,False,low,low,medium
452,Drapion,False,medium,medium,medium
453,Croagunk,False,low,low,low
454,Toxicroak,False,medium,low,medium
455,Carnivine,False,medium,low,low
456,Finneon,False,low,low,medium
457,Lumineon,False,medium,low,medium
458,Mantyke,False,low,low,low
459,Snover,False,low,low,low
460,Abomasnow,False,medium,low,low
460,Mega Abomasnow,False,high,medium,low
461,Weavile,False,medium,low,high
462,Magnezone,False,medium,medium,low
463,Lickilicky,False,medium,medium,low
464,Rhyperior,False,medium,medium,low
465,Tangrowth,False,medium,low,low
466,Electivire,False,medium,low,medium
467,Magmortar,False,medium,low,medium
468,Togekiss,False,medium,medium,medium
469,Yanmega,False,medium,low,medium
470,Leafeon,False,medium,medium,medium
471,Glaceon,False,medium,medium,medium
472,Gliscor,False,medium,medium,medium
473,Mamoswine,False,medium,low,medium
474,Porygon-Z,False,medium,low,medium
475,Gallade,False,medium,medium,medium
475,Mega Gallade,False,medium,medium,medium
476,Probopass,False,low,medium,low
477,Dusknoir,False,medium,medium,low
478,Froslass,False,medium,low,medium
479,Rotom,False,medium,low,medium
479,RotomHeat Rotom,False,medium,medium,medium
479,RotomWash Rotom,False,medium,medium,medium
479,RotomFrost Rotom,False,medium,medium,medium
479,RotomFan Rotom,False,medium,medium,medium
479,RotomMow Rotom,False,medium,medium,medium
480,Uxie,True,medium,medium,medium
481,Mesprit,True,medium,medium,medium
482,Azelf,True,high,low,medium
483,Dialga,True,high,medium,medium
484,Palkia,True,high,medium,medium
485,Heatran,True,medium,medium,medium
486,Regigigas,True,medium,medium,medium
487,GiratinaAltered Forme,True,medium,medium,medium
487,GiratinaOrigin Forme,True,medium,medium,medium
488,Cresselia,False,medium,medium,medium
489,Phione,False,medium,low,medium
490,Manaphy,False,medium,medium,medium
491,Darkrai,True,medium,medium,high
492,ShayminLand Forme,True,medium,medium,medium
492,ShayminSky Forme,True,medium,low,high
493,Arceus,True,medium,medium,medium
494,Victini,True,medium,medium,medium
495,Snivy,False,low,low,low
496,Servine,False,low,low,medium
497,Serperior,False,medium,medium,medium
498,Tepig,False,low,low,low
499,Pignite,False,medium,low,low
500,Emboar,False,medium,low,medium
501,Oshawott,False,low,low,low
502,Dewott,False,medium,low,low
503,Samurott,False,medium,low,medium
504,Patrat,False,low,low,low
505,Watchog,False,medium,low,medium
506,Lillipup,False,low,low,low
507,Herdier,False,low,low,low
508,Stoutland,False,medium,medium,medium
509,Purrloin,False,low,low,medium
510,Liepard,False,medium,low,medium
511,Pansage,False,low,low,medium
512,Simisage,False,medium,low,medium
513,Pansear,False,low,low,medium
514,Simisear,False,medium,low,medium
515,Panpour,False,low,low,medium
516,Simipour,False,medium,low,medium
517,Munna,False,low,low,low
518,Musharna,False,medium,medium,low
519,Pidove,False,low,low,low
520,Tranquill,False,low,low,medium
521,Unfezant,False,medium,low,medium
522,Blitzle,False,low,low,medium
523,Zebstrika,False,medium,low,medium
524,Roggenrola,False,low,low,low
525,Boldore,False,medium,low,low
526,Gigalith,False,medium,medium,low
527,Woobat,False,low,low,medium
528,Swoobat,False,medium,low,medium
529,Drilbur,False,low,low,medium
530,Excadrill,False,medium,low,medium
531,Audino,False,low,low,low
531,Mega Audino,False,medium,medium,low
532,Timburr,False,low,low,low
533,Gurdurr,False,medium,low,low
534,Conkeldurr,False,medium,low,low
535,Tympole,False,low,low,medium
536,Palpitoad,False,low,low,medium
537,Seismitoad,False,medium,low,medium
538,Throh,False,low,low,low
539,Sawk,False,medium,low,medium
540,Sewaddle,False,low,low,low
541,Swadloon,False,low,low,low
542,Leavanny,False,medium,low,medium
543,Venipede,False,low,low,low
544,Whirlipede,False,low,medium,low
545,Scolipede,False,medium,low,medium
546,Cottonee,False,low,low,medium
547,Whimsicott,False,medium,low,medium
548,Petilil,False,low,low,low
549,Lilligant,False,medium,low,medium
550,Basculin,False,medium,low,medium
551,Sandile,False,low,low,medium
552,Krokorok,False,low,low,medium
553,Krookodile,False,medium,low,medium
554,Darumaka,False,low,low,low
555,DarmanitanStandard Mode,False,medium,low,medium
555,DarmanitanZen Mode,False,medium,medium,low
556,Maractus,False,medium,low,low
557,Dwebble,False,low,low,low
558,Crustle,False,medium,medium,low
559,Scraggy,False,low,low,low
560,Scrafty,False,medium,medium,low
561,Sigilyph,False,medium,low,medium
562,Yamask,False,low,low,low
563,Cofagrigus,False,medium,medium,low
564,Tirtouga,False,low,low,low
565,Carracosta,False,medium,medium,low
566,Archen,False,medium,low,medium
567,Archeops,False,high,low,medium
568,Trubbish,False,low,low,medium
569,Garbodor,False,medium,low,medium
570,Zorua,False,medium,low,medium
571,Zoroark,False,medium,low,medium
572,Minccino,False,low,low,medium
573,Cinccino,False,medium,low,medium
574,Gothita,False,low,low,low
575,Gothorita,False,low,low,low
576,Gothitelle,False,medium,medium,medium
577,Solosis,False,medium,low,low
578,Duosion,False,medium,low,low
579,Reuniclus,False,medium,low,low
580,Ducklett,False,low,low,low
581,Swanna,False,medium,low,medium
582,Vanillite,False,low,low,low
583,Vanillish,False,medium,low,low
584,Vanilluxe,False,medium,medium,medium
585,Deerling,False,low,low,medium
586,Sawsbuck,False,medium,low,medium
587,Emolga,False,medium,low,medium
588,Karrablast,False,low,low,low
589,Escavalier,False,medium,medium,low
590,Foongus,False,low,low,low
591,Amoonguss,False,medium,low,low
592,Frillish,False,low,low,low
593,Jellicent,False,medium,low,low
594,Alomomola,False,low,low,medium
595,Joltik,False,low,low,medium
596,Galvantula,False,medium,low,medium
597,Ferroseed,False,low,medium,low
598,Ferrothorn,False,medium,medium,low
599,Klink,False,low,low,low
600,Klang,False,medium,medium,low
601,Klinklang,False,medium,medium,medium
602,Tynamo,False,low,low,low
603,Eelektrik,False,medium,low,low
604,Eelektross,False,medium,low,low
605,Elgyem,False,medium,low,low
606,Beheeyem,False,medium,low,low
607,Litwick,False,low,low,low
608,Lampent,False,medium,low,low
609,Chandelure,False,medium,medium,medium
610,Axew,False,low,low,low
611,Fraxure,False,medium,low,medium
612,Haxorus,False,medium,low,medium
613,Cubchoo,False,low,low,low
614,Beartic,False,medium,low,low
615,Cryogonal,False,medium,low,medium
616,Shelmet,False,low,low,low
617,Accelgor,False,medium,low,high
618,Stunfisk,False,medium,medium,low
619,Mienfoo,False,medium,low,medium
620,Mienshao,False,medium,low,medium
621,Druddigon,False,medium,medium,low
622,Golett,False,low,low,low
623,Golurk,False,medium,low,low
624,Pawniard,False,low,low,low
625,Bisharp,False,medium,low,medium
626,Bouffalant,False,medium,medium,low
627,Rufflet,False,low,low,low
628,Braviary,False,medium,low,medium
629,Vullaby,False,low,low,low
630,Mandibuzz,False,low,medium,medium
631,Heatmor,False,medium,low,medium
632,Durant,False,medium,low,medium
633,Deino,False,low,low,low
634,Zweilous,False,medium,low,low
635,Hydreigon,False,medium,medium,medium
636,Larvesta,False,medium,low,low
637,Volcarona,False,medium,low,medium
638,Cobalion,True,medium,medium,medium
639,Terrakion,True,medium,medium,medium
640,Virizion,True,medium,medium,medium
641,TornadusIncarnate Forme,True,medium,low,medium
641,TornadusTherian Forme,True,medium,low,medium
642,ThundurusIncarnate Forme,True,medium,low,medium
642,ThundurusTherian Forme,True,high,low,medium
643,Reshiram,True,high,medium,medium
644,Zekrom,True,high,medium,medium
645,LandorusIncarnate Forme,True,medium,low,medium
645,LandorusTherian Forme,True,high,low,medium
646,Kyurem,True,high,medium,medium
646,KyuremBlack Kyurem,True,high,medium,medium
646,KyuremWhite Kyurem,True,high,medium,medium
647,KeldeoOrdinary Forme,False,medium,medium,medium
647,KeldeoResolute Forme,False,medium,medium,medium
648,MeloettaAria Forme,False,medium,medium,medium
648,MeloettaPirouette Forme,False,medium,low,high
649,Genesect,False,medium,medium,medium
650,Chespin,False,low,low,low
651,Quilladin,False,medium,low,low
652,Chesnaught,False,medium,medium,medium
653,Fennekin,False,low,low,low
654,Braixen,False,medium,low,medium
655,Delphox,False,medium,low,medium
656,Froakie,False,low,low,medium
657,Frogadier,False,medium,low,medium
658,Greninja,False,medium,low,high
659,Bunnelby,False,low,low,low
660,Diggersby,False,low,low,medium
661,Fletchling,False,low,low,low
662,Fletchinder,False,low,low,medium
663,Talonflame,False,medium,low,high
664,Scatterbug,False,low,low,low
665,Spewpa,False,low,low,low
666,Vivillon,False,medium,low,medium
667,Litleo,False,low,low,medium
668,Pyroar,False,medium,low,medium
669,Flabébé,False,low,low,low
670,Floette,False,low,low,low
671,Florges,False,medium,medium,medium
672,Skiddo,False,low,low,low
673,Gogoat,False,medium,low,medium
674,Pancham,False,low,low,low
675,Pangoro,False,medium,low,low
676,Furfrou,False,medium,low,medium
677,Espurr,False,low,low,medium
678,MeowsticMale,False,low,low,medium
678,MeowsticFemale,False,low,low,medium
679,Honedge,False,low,low,low
680,Doublade,False,medium,medium,low
681,AegislashBlade Forme,False,high,low,low
681,AegislashShield Forme,False,low,medium,low
682,Spritzee,False,low,low,low
683,Aromatisse,False,medium,low,low
684,Swirlix,False,low,low,low
685,Slurpuff,False,medium,low,medium
686,Inkay,False,low,low,low
687,Malamar,False,medium,low,medium
688,Binacle,False,low,low,low
689,Barbaracle,False,medium,medium,medium
690,Skrelp,False,low,low,low
691,Dragalge,False,medium,medium,low
692,Clauncher,False,low,low,low
693,Clawitzer,False,medium,medium,low
694,Helioptile,False,low,low,medium
695,Heliolisk,False,medium,low,medium
696,Tyrunt,False,medium,low,low
697,Tyrantrum,False,medium,medium,medium
698,Amaura,False,low,low,low
699,Aurorus,False,medium,low,low
700,Sylveon,False,medium,medium,low
701,Hawlucha,False,medium,low,medium
702,Dedenne,False,medium,low,medium
703,Carbink,False,low,medium,low
704,Goomy,False,low,low,low
705,Sliggoo,False,medium,low,low
706,Goodra,False,medium,medium,medium
707,Klefki,False,medium,medium,medium
708,Phantump,False,low,low,low
709,Trevenant,False,medium,low,low
710,PumpkabooAverage Size,False,low,low,low
710,PumpkabooSmall Size,False,low,low,low
710,PumpkabooLarge Size,False,low,low,low
710,PumpkabooSuper Size,False,low,low,low
711,GourgeistAverage Size,False,medium,medium,medium
711,GourgeistSmall Size,False,medium,medium,medium
711,GourgeistLarge Size,False,medium,medium,medium
711,GourgeistSuper Size,False,medium,medium,low
712,Bergmite,False,low,low,low
713,Avalugg,False,medium,medium,low
714,Noibat,False,low,low,low
715,Noivern,False,medium,low,high
716,Xerneas,True,high,medium,medium
717,Yveltal,True,high,medium,medium
718,Zygarde50% Forme,True,medium,medium,medium
719,Diancie,True,medium,medium,low
719,Mega Diancie,True,high,medium,medium
720,Hoopa Confined,True,high,medium,medium
720,Hoopa Unbound,True,high,medium,medium
721,Volcanion,True,medium,medium,medium
